{
    "loss": 1.0071861743927002,
    "accuracy": 0.60503751039505
}