{
    "loss": 5.618493556976318,
    "accuracy": 0.14492365717887878
}